{
  "config": {
    "env": "simple_spread_v3",
    "theta_deg": 15.0,
    "perm": [
      1,
      0,
      2
    ],
    "n_actor_batches": 64,
    "n_critic_batches": 64,
    "obs_xy": "0:1,2:3,4:5",
    "actor_xy": "0:1"
  },
  "EKAN+PIcritic": {
    "actor_SO2_equivariance": {
      "theta_deg": 15.0,
      "mean_L2": 0.3793461322784424,
      "max_L2": 0.7831974625587463,
      "per_batch_L2": [
        0.4165864884853363,
        0.5017415285110474,
        0.6646292805671692,
        0.10738722234964371,
        0.357992559671402,
        0.4317631721496582,
        0.3028048574924469,
        0.30325374007225037,
        0.47433486580848694,
        0.2549145519733429,
        0.3942275047302246,
        0.48157474398612976,
        0.476460725069046,
        0.37684735655784607,
        0.13901011645793915,
        0.2966320216655731,
        0.17845140397548676,
        0.38645756244659424,
        0.37837186455726624,
        0.44507983326911926,
        0.12420570850372314,
        0.3689274489879608,
        0.3724554479122162,
        0.45595383644104004,
        0.2883046865463257,
        0.1793202906847,
        0.4043084681034088,
        0.4756854474544525,
        0.11021500825881958,
        0.3303382694721222,
        0.2623787224292755,
        0.5165689587593079,
        0.4454015791416168,
        0.49474087357521057,
        0.0967157706618309,
        0.2609439790248871,
        0.3102598190307617,
        0.393564909696579,
        0.29331278800964355,
        0.4095585346221924,
        0.3648826777935028,
        0.5871618390083313,
        0.6629743576049805,
        0.6705901026725769,
        0.19541971385478973,
        0.3981846868991852,
        0.3152294456958771,
        0.36361417174339294,
        0.5858461260795593,
        0.4000852108001709,
        0.3839733898639679,
        0.29474514722824097,
        0.7762219309806824,
        0.25249969959259033,
        0.2571823298931122,
        0.44458651542663574,
        0.7831974625587463,
        0.27980807423591614,
        0.26379045844078064,
        0.4519082307815552,
        0.42439064383506775,
        0.5401623249053955,
        0.20244233310222626,
        0.41757503151893616
      ]
    },
    "critic_perm_invariance": {
      "perm": [
        1,
        0,
        2
      ],
      "mean_abs_diff": 0.0,
      "max_abs_diff": 0.0,
      "per_batch_abs_diff": [
        0.0,
        0.0,
        0.0,
        0.0,
        0.0,
        0.0,
        0.0,
        0.0,
        0.0,
        0.0,
        0.0,
        0.0,
        0.0,
        0.0,
        0.0,
        0.0,
        0.0,
        0.0,
        0.0,
        0.0,
        0.0,
        0.0,
        0.0,
        0.0,
        0.0,
        0.0,
        0.0,
        0.0,
        0.0,
        0.0,
        0.0,
        0.0,
        0.0,
        0.0,
        0.0,
        0.0,
        0.0,
        0.0,
        0.0,
        0.0,
        0.0,
        0.0,
        0.0,
        0.0,
        0.0,
        0.0,
        0.0,
        0.0,
        0.0,
        0.0,
        0.0,
        0.0,
        0.0,
        0.0,
        0.0,
        0.0,
        0.0,
        0.0,
        0.0,
        0.0,
        0.0,
        0.0,
        0.0,
        0.0
      ]
    },
    "head_hidden_inferred": 64
  },
  "EKAN+Tradcritic": {
    "actor_SO2_equivariance": {
      "theta_deg": 15.0,
      "mean_L2": 0.3894042372703552,
      "max_L2": 0.8242301344871521,
      "per_batch_L2": [
        0.13278259336948395,
        0.3751959800720215,
        0.11915729194879532,
        0.15607386827468872,
        0.15234358608722687,
        0.2126532644033432,
        0.31466272473335266,
        0.545849621295929,
        0.3396092653274536,
        0.331210196018219,
        0.5548401474952698,
        0.451381117105484,
        0.31481412053108215,
        0.5675079226493835,
        0.297710657119751,
        0.5372979640960693,
        0.2232307642698288,
        0.26494649052619934,
        0.6439113616943359,
        0.4104396402835846,
        0.2775634825229645,
        0.36483708024024963,
        0.2731032967567444,
        0.3700486421585083,
        0.7530913352966309,
        0.4766702651977539,
        0.4955615997314453,
        0.12444818764925003,
        0.2127240151166916,
        0.20070254802703857,
        0.5140951871871948,
        0.49805840849876404,
        0.7077028751373291,
        0.3808877468109131,
        0.6434094309806824,
        0.6560041904449463,
        0.4524654448032379,
        0.26153868436813354,
        0.2606605589389801,
        0.3858169615268707,
        0.36254605650901794,
        0.6109799146652222,
        0.17367839813232422,
        0.8242301344871521,
        0.29888829588890076,
        0.4376738965511322,
        0.28085431456565857,
        0.2755046784877777,
        0.47783318161964417,
        0.23930133879184723,
        0.2891334593296051,
        0.351218581199646,
        0.5271255970001221,
        0.42482706904411316,
        0.34498563408851624,
        0.3223051130771637,
        0.27488449215888977,
        0.8097986578941345,
        0.3036246597766876,
        0.4848409593105316,
        0.4243246614933014,
        0.2607058882713318,
        0.431713342666626,
        0.43588241934776306
      ]
    },
    "critic_perm_invariance": {
      "perm": [
        1,
        0,
        2
      ],
      "mean_abs_diff": 0.9465426007906595,
      "max_abs_diff": 4.6383975346883135,
      "per_batch_abs_diff": [
        0.24327977498372455,
        0.41369088490804096,
        1.256217797597249,
        1.196400960286459,
        0.7764318784077959,
        1.414625485738119,
        4.17852528889974,
        0.7109540303548165,
        2.2958316802978516,
        0.0847779909769697,
        0.9460900624593087,
        0.04770946502685547,
        0.6409579912821455,
        0.08460394541422467,
        0.5449981689453125,
        0.8191699981689453,
        1.0461896260579433,
        1.348751862843832,
        0.19465335210164447,
        0.44019412994384766,
        1.4778542518615723,
        1.0410553614298497,
        0.23175589243571082,
        0.08597596486409476,
        0.24106121063232422,
        0.18416992823282818,
        1.2686538696289062,
        2.1151641209920236,
        0.29987573623657227,
        1.0574749310811367,
        0.8065306345621739,
        1.9795902570088701,
        0.47539615631103516,
        0.826900164286295,
        0.9841535886128749,
        0.5338916778564453,
        0.025039990743001894,
        0.5847048759460449,
        1.5513906478881836,
        0.604349772135417,
        0.2323929468790702,
        1.520924250284831,
        0.01036341985066791,
        0.17981513341267874,
        1.7107737859090166,
        1.353039264678955,
        0.12764612833658795,
        0.5866869290669756,
        0.06576379140218158,
        2.5178101857503252,
        2.3142097791035967,
        1.0770177841186532,
        0.8050312995910645,
        1.5326471328735343,
        0.012728214263916016,
        2.061145941416423,
        2.5167964299519854,
        0.2442906697591134,
        0.6445668538411464,
        0.3700532913208008,
        0.3545541763305664,
        0.4451100031534825,
        4.6383975346883135,
        0.19791809717814068
      ]
    },
    "head_hidden_inferred": 64
  },
  "TradActor+Tradcritic": {
    "actor_SO2_equivariance": {
      "theta_deg": 15.0,
      "mean_L2": 0.4119010865688324,
      "max_L2": 0.8095019459724426,