{
  "config": {
    "env": "simple_spread_v3",
    "theta_deg": 15.0,
    "perm": [
      1,
      0,
      2
    ],
    "n_actor_batches": 64,
    "n_critic_batches": 64,
    "obs_xy": "0:1,2:3,4:5,6:7,8:9,10:11,12:13",
    "actor_xy": "0:1"
  },
  "EKAN+PIcritic": {
    "actor_SO2_equivariance": {
      "theta_deg": 15.0,
      "mean_L2": 0.23471492528915405,
      "max_L2": 0.23471492528915405,
      "per_batch_L2": [
        0.23471492528915405
      ]
    },
    "critic_perm_invariance": {
      "perm": [
        1,
        0,
        2
      ],
      "mean_abs_diff": 0.0,
      "max_abs_diff": 0.0,
      "per_batch_abs_diff": [
        0.0,
        0.0,
        0.0,
        0.0,
        0.0,
        0.0,
        0.0,
        0.0,
        0.0,
        0.0,
        0.0,
        0.0,
        0.0,
        0.0,
        0.0,
        0.0,
        0.0,
        0.0,
        0.0,
        0.0,
        0.0,
        0.0,
        0.0,
        0.0,
        0.0,
        0.0,
        0.0,
        0.0,
        0.0,
        0.0,
        0.0,
        0.0,
        0.0,
        0.0,
        0.0,
        0.0,
        0.0,
        0.0,
        0.0,
        0.0,
        0.0,
        0.0,
        0.0,
        0.0,
        0.0,
        0.0,
        0.0,
        0.0,
        0.0,
        0.0,
        0.0,
        0.0,
        0.0,
        0.0,
        0.0,
        0.0,
        0.0,
        0.0,
        0.0,
        0.0,
        0.0,
        0.0,
        0.0,
        0.0
      ]
    },
    "head_hidden_inferred": 64
  },
  "EKAN+Tradcritic": {
    "actor_SO2_equivariance": {
      "theta_deg": 15.0,
      "mean_L2": 0.8134434819221497,
      "max_L2": 0.8134434819221497,
      "per_batch_L2": [
        0.8134434819221497
      ]
    },
    "critic_perm_invariance": {
      "perm": [
        1,
        0,
        2
      ],
      "mean_abs_diff": 1.101795069873333,
      "max_abs_diff": 5.154906749725341,
      "per_batch_abs_diff": [
        0.5228034655253095,
        1.761797746022542,
        1.2511533101399746,
        0.999420801798502,
        1.6698754628499355,
        0.9225190480550136,
        0.32233460744222064,
        2.6315711339314776,
        0.2577500343322754,
        0.253110408782959,
        1.2226289113362654,
        3.3960940043131513,
        0.23043219248453806,
        0.7686367034912109,
        1.5501734415690107,
        5.154906749725341,
        0.5074669520060224,
        0.23693021138509174,
        0.3446006774902344,
        2.1056927045186358,
        0.386473973592123,
        0.2966489791870117,
        0.3942209879557286,
        2.8933768272399893,
        0.8888751665751133,
        0.40431976318359375,
        0.535683314005535,
        1.0796683629353847,
        0.9984016418457031,
        0.30932013193766306,
        1.045598030090332,
        4.362045288085938,
        1.0788345336914062,
        0.17900625864664654,
        1.248285611470541,
        2.812915960947672,
        0.70389747619629,
        0.46361509958903024,
        0.053717613220214844,
        0.9956264495849609,
        0.1417363484700509,
        1.0224401156107579,
        0.07682307561238666,
        0.6456441879272461,
        0.4056585629781093,
        1.4666749636332197,
        1.1270597775777187,
        0.8955411911010742,
        0.7653908729553223,
        0.8019067446390782,
        1.196579933166504,
        1.6343135833740225,
        0.30183887481689453,
        0.2556012471516933,
        0.5328267415364571,
        0.9114627838134766,
        1.729323387145996,
        0.7660319010416661,
        1.6294337908426924,
        4.246939341227214,
        1.7715994517008458,
        0.13562329610188684,
        0.1707741419474278,
        0.6432301203409825
      ]
    },
    "head_hidden_inferred": 64
  }
}